[
	{
		"name": "A",
		"carlist": [
			{
				"name": "奥迪",
				"carid":"1",
				"series":["奥迪A4","奥迪A6","奥迪A6L","奥迪A7","奥迪A8"]
			},
			{
				"name": "阿斯顿·马丁",
				"carid":"2",
				"series":["马丁自行车","马丁电动车","马丁跑车"]
				
			},
			{
				"name": "阿尔法·罗密欧",
				"carid":"3",
				"series":["阿尔法自行车","阿尔法电动车","阿尔法跑车"]
			}
		]
	},
	{
		"name": "B",
		"carlist": [
			{
				"name": "奔驰",
				"carid":"4",
				"series":["奔驰自行车","奔驰电动车","奔驰跑车"]
			},
			{
				"name": "本田",
				"carid":"5",
				"series":["奔驰自行车","奔驰电动车","奔驰跑车"]
			},
			{
				"name": "宝骏",
				"carid":"6",
				"series":["奔驰自行车","奔驰电动车","奔驰跑车"]
			},
			{
				"name": "标致",
				"carid":"7",
				"series":["奔驰自行车","奔驰电动车","奔驰跑车"]
			},
			{
				"name": "保时捷",
				"carid":"8",
				"series":["奔驰自行车","奔驰电动车","奔驰跑车"]
			},
			{
				"name": "北汽绅宝",
				"carid":"8",
				"series":["奔驰自行车","奔驰电动车","奔驰跑车"]
			},
			{
				"name": "宾利",
				"carid":"9",
				"series":["奔驰自行车","奔驰电动车","奔驰跑车"]
			},
			{
				"name": "奔腾",
				"carid":"10",
				"series":["奔驰自行车","奔驰电动车","奔驰跑车"]
			},
			{
				"name": "北汽幻速",
				"carid":"11",
				"series":["奔驰自行车","奔驰电动车","奔驰跑车"]
			},
			{
				"name": "布加迪",
				"carid":"12",
				"series":["奔驰自行车","奔驰电动车","奔驰跑车"]
			}
		]
	},
	{
		"name": "C",
		"carlist": [
			{
				"name": "长安",
				"carid":"13",
				"series":["奔驰自行车","奔驰电动车","奔驰跑车"]
			},
			{
				"name": "长城",
				"carid":"14",
				"series":["奔驰自行车","奔驰电动车","奔驰跑车"]
			},
			{
				"name": "长安欧尚",
				"carid":"15",
				"series":["奔驰自行车","奔驰电动车","奔驰跑车"]
			},
			{
				"name": "昌河",
				"carid":"16",
				"series":["奔驰自行车","奔驰电动车","奔驰跑车"]
			}
		]
	},
	{
		"name": "D",
		"carlist": [
			{
				"name": "大众",
				"carid":"18",
				"series":["奔驰自行车","奔驰电动车","奔驰跑车"]
			},
			{
				"name": "东风风行",
				"carid":"19",
				"series":["奔驰自行车","奔驰电动车","奔驰跑车"]
			},
			{
				"name": "DS",
				"carid":"20",
				"series":["奔驰自行车","奔驰电动车","奔驰跑车"]
			},
			{
				"name": "东风风光",
				"carid":"21",
				"series":["奔驰自行车","奔驰电动车","奔驰跑车"]
			},
			{
				"name": "东南",
				"carid":"22",
				"series":["奔驰自行车","奔驰电动车","奔驰跑车"]
			},
			{
				"name": "道奇",
				"carid":"23",
				"series":["奔驰自行车","奔驰电动车","奔驰跑车"]
			}
		]
	},
	{
		"name": "F",
		"carlist": [
			{
				"name": "丰田",
				"carid":"24",
				"series":["奔驰自行车","奔驰电动车","奔驰跑车"]
			},
			{
				"name": "福特",
				"carid":"25",
				"series":["奔驰自行车","奔驰电动车","奔驰跑车"]
			},
			{
				"name": "法拉利",
				"carid":"26",
				"series":["奔驰自行车","奔驰电动车","奔驰跑车"]
			},
			{
				"name": "菲亚特",
				"carid":"27",
				"series":["奔驰自行车","奔驰电动车","奔驰跑车"]
			}
		]	
	},
	{
		"name": "G",
		"carlist": [
			{
				"name": "广汽传祺",
				"carid":"28",
				"series":["奔驰自行车","奔驰电动车","奔驰跑车"]
			},
			{
				"name": "观致",
				"carid":"29",
				"series":["奔驰自行车","奔驰电动车","奔驰跑车"]
			},
			{
				"name": "GMC",
				"carid":"30",
				"series":["奔驰自行车","奔驰电动车","奔驰跑车"]
			}
		]
	},
	{
		"name": "H",
		"carlist": [
			{
				"name": "哈弗",
				"carid":"31",
				"series":["奔驰自行车","奔驰电动车","奔驰跑车"]
			},
			{
				"name": "海马",
				"carid":"32",
				"series":["奔驰自行车","奔驰电动车","奔驰跑车"]
			},
			{
				"name": "红旗",
				"carid":"33",
				"series":["奔驰自行车","奔驰电动车","奔驰跑车"]
			},
			{
				"name": "悍马",
				"carid":"33",
				"series":["奔驰自行车","奔驰电动车","奔驰跑车"]

			}
		]
	},
	{
		"name": "J",
		"carlist": [
			{
				"name": "吉利汽车"
			},
			{
				"name": "Jeep"
			},
			{
				"name": "捷豹"
			},
			{
				"name": "江淮"
			}
		]
	},
	{
		"name": "K",
		"carlist": [
			{
				"name": "凯迪拉克"
			},
			{
				"name": "克莱斯勒"
			}
		]
	},
	{
		"name": "L",
		"carlist": [
			{
				"name": "雷克萨斯"
			},
			{
				"name": "路虎"
			},
			{
				"name": "铃木"
			},
			{
				"name": "林肯"
			},
			{
				"name": "雷诺"
			},
			{
				"name": "兰博基尼"
			},
			{
				"name": "劳斯莱斯"
			},
			{
				"name": "陆风"
			}
		]
	},
	{
		"name": "M",
		"carlist": [
			{
				"name": "马自达"
			},
			{
				"name": "玛莎拉蒂"
			},
			{
				"name": "名爵"
			},
			{
				"name": "MINI"
			},
			{
				"name": "迈凯伦"
			},
			{
				"name": "迈巴赫"
			}
		]
	},
	{
		"name": "N",
		"carlist": [
			{
				"name": "纳智捷"
			}
		]
	},
	{
		"name": "O",
		"carlist": [
			{
				"name": "讴歌"
			}
		]
	},
	{
		"name": "P",
		"carlist": [
			{
				"name": "帕加尼"
			}
		]
	},
	{
		"name": "Q",
		"carlist": [
			{
				"name": "起亚"
			},
			{
				"name": "奇瑞"
			},
			{
				"name": "启辰"
			}
		]
	},
	{
		"name": "R",
		"carlist": [
			{
				"name": "日产"
			},
			{
				"name": "荣威"
			}
		]
	},
	{
		"name": "S",
		"carlist": [
			{
				"name": "斯柯达"
			},
			{
				"name": "三菱"
			},
			{
				"name": "斯巴鲁"
			},
			{
				"name": "双龙"
			},
			{
				"name": "smart"
			}
		]
	},
	{
		"name": "T",
		"carlist": [
			{
				"name": "特斯拉"
			}
		]
	},
	{
		"name": "W",
		"carlist": [
			{
				"name": "沃尔沃"
			},
			{
				"name": "五菱汽车"
			}
		]
	},
	{
		"name": "X",
		"carlist": [
			{
				"name": "现代"
			},
			{
				"name": "雪佛兰"
			},
			{
				"name": "雪铁龙"
			}
		]
	},
	{
		"name": "Y",
		"carlist": [
			{
				"name": "英菲尼迪"
			},
			{
				"name": "一汽"
			},
			{
				"name": "野马汽车"
			}
		]
	},
	{
		"name": "Z",
		"carlist": [
			{
				"name": "众泰"
			},
			{
				"name": "中华"
			}
		]
	}
]

